DATE/TIME(America/Asuncion),Latitud,Longitud,Flow Rate Prop. BR,Flow Rate Prop. CNT,Flow Rate Prop. STB,Flow Rate Gen. BR,Flow Rate Gen. STB,Flow Carga Diario,Flow Carga Barcaza,Trip Volume Prop. BR,Trip Volume Prop. CNT,Trip Volume Prop. STB,Trip Volume Gen. BR,Trip Volume Gen. STB,Carga Diario,Carga Barcaza,TK 1 BR,TK 2 BR,TK 3 BR,TK 4 BR,TK 5 BR,TK Diario BR,TK 1 STB,TK 2 STB,TK 3 STB,TK 4 STB,TK 5 STB,TK Diario STB,RPM Prop. BR,RPM Prop. CNT,RPM Prop. STB,Velocidad,Caudal√≠metros Total,Remanencia Total,Estado,TK Gen AUX,Flow Rate Gen. AUX,Trip Volume Gen. AUX
14-04-2025 09:10:22,-27.943941116333008,-58.855247497558594,171.0,180.6,211.4,0.0,23.5,6.1,0.0,238921.0,202045.0,259929.0,41682.0,39638.0,798392.0,0.0,23848.374000000003,1387.6268000000002,1924.6744,2780.2374,22372.7504,928.5,23868.636000000002,1661.2737,2033.1872,2930.0268,35326.76,1090.05,336.0,384.0,400.0,6.047816834053704,782215.0,120744.2271,1.0,592.1304,0.0,16777215.0
14-04-2025 09:20:30,-27.935470581054688,-58.85915756225586,174.2,182.8,213.5,0.0,24.0,3.1,0.0,238950.0,202075.0,259964.0,41682.0,39642.0,798392.0,0.0,23787.588,1387.6268000000002,1924.6744,2780.2374,22655.3756,926.1,23868.636000000002,1637.572,2010.3424,2930.0268,35028.56,989.1,336.0,384.0,400.0,6.837821971677184,782313.0,120517.9698,1.0,592.1304,0.0,16777215.0
14-04-2025 09:30:37,-27.925804138183594,-58.85455322265625,154.8,165.4,192.3,0.0,23.3,1677712.4,0.0,238979.0,202106.0,260000.0,41682.0,39646.0,798392.0,0.0,23909.16,1366.0798000000002,1903.2574,2751.0102,22655.3756,918.6,23993.585,1661.2737,2033.1872,2930.0268,34929.16,890.85,304.0,352.0,352.0,6.578164541014866,782413.0,120544.17070000002,1.0,602.605,0.0,16777215.0
14-04-2025 09:40:44,-27.919200897216797,-58.84912872314453,165.4,176.5,205.7,0.0,24.1,1676658.6,0.0,239007.0,202135.0,260034.0,41682.0,39650.0,798876.0,0.0,23787.588,1409.1738,1924.6744,2835.0383999999995,22655.3756,921.0,23868.636000000002,1637.572,2010.3424,2930.0268,34442.1,1286.7,320.0,368.0,384.0,5.6115596818665505,782508.0,120310.83239999998,1.0,602.605,0.0,16777215.0
14-04-2025 09:50:51,-27.91252326965332,-58.84380340576172,170.5,178.0,197.5,0.0,23.6,1676517.7,0.0,239035.0,202166.0,260068.0,41682.0,39654.0,798969.0,0.0,23605.23,1387.6268000000002,1903.2574,2807.6378999999997,22582.102399999996,916.05,23868.636000000002,1637.572,2010.3424,2930.0268,34337.73,1284.15,336.0,384.0,368.0,5.772349230671483,782605.0,119862.4921,1.0,592.1304,0.0,16777215.0
14-04-2025 10:00:59,-27.904211044311523,-58.8411865234375,174.1,182.4,213.8,0.0,23.1,0.0,0.0,239067.0,202199.0,260107.0,41682.0,39658.0,799021.0,0.0,23605.23,1366.0798000000002,1881.8404,2780.2374,22302.9664,908.55,23929.422000000002,1661.2737,2033.1872,2957.4273000000003,34635.93,1250.55,336.0,400.0,384.0,5.914019639089385,782713.0,119904.8246,1.0,592.1304,0.0,16777215.0
14-04-2025 10:12:06,-27.894447326660156,-58.83891677856445,173.3,182.8,208.0,0.0,26.2,0.0,0.0,239098.0,202233.0,260145.0,41682.0,39662.0,799020.0,0.0,23666.016,1344.5328,1860.4234,2780.2374,22233.182399999998,903.6,23929.422000000002,1616.025,2033.1872,2930.0268,34635.93,1136.7,336.0,384.0,384.0,5.842536625775752,782820.0,119661.4134,1.0,592.1304,0.0,16777215.0
14-04-2025 10:22:14,-27.886398315429688,-58.83555221557617,164.0,174.4,209.1,0.0,26.7,1677719.6,0.0,239127.0,202263.0,260180.0,41682.0,39667.0,799020.0,0.0,23726.802000000003,1366.0798000000002,1881.8404,2780.2374,22372.7504,898.65,23993.585,1637.572,2010.3424,2930.0268,34442.1,1033.2,320.0,368.0,384.0,5.236200109177006,782919.0,119675.7912,1.0,602.605,0.0,16777215.0
14-04-2025 10:35:23,-27.876562118530273,-58.83262634277344,170.0,181.9,210.4,0.0,23.3,4633.0,0.0,239163.0,202302.0,260225.0,41682.0,39672.0,799152.0,0.0,23605.23,1366.0798000000002,1860.4234,2780.2374,22159.9092,893.7,23868.636000000002,1637.572,2033.1872,2930.0268,34635.93,1020.1500000000001,336.0,384.0,400.0,5.218748335922044,783044.0,119383.21219999998,1.0,592.1304,0.0,16777215.0
14-04-2025 10:45:29,-27.867595672607422,-58.830230712890625,169.3,177.6,209.8,0.0,24.0,1676216.1,0.0,239191.0,202332.0,260260.0,41682.0,39676.0,799489.0,0.0,23726.802000000003,1366.0798000000002,1860.4234,2780.2374,21947.068,888.6,23929.422000000002,1637.572,2010.3424,2900.7996000000003,34442.1,1286.7,320.0,384.0,400.0,6.5446212290018275,783141.0,119368.27699999999,1.0,592.1304,0.0,16777215.0
14-04-2025 10:46:30,-27.866619110107422,-58.83009719848633,172.9,188.1,212.2,,,,0.0,,,,,,,,,,,,,,,,,,,,336.0,384.0,400.0,6.762192540306908,,,1.0,,,
14-04-2025 10:57:38,-27.857616424560547,-58.823646545410156,174.2,183.5,213.5,0.0,23.5,1676658.0,0.0,239226.0,202369.0,260302.0,41682.0,39681.0,799602.0,0.0,23605.23,1366.0798000000002,1860.4234,2780.2374,22016.852000000003,886.05,23929.422000000002,1637.572,2033.1872,2930.0268,34337.73,1284.15,336.0,400.0,400.0,6.528430995750867,783260.0,119259.09100000001,1.0,592.1304,0.0,16777215.0
14-04-2025 11:06:44,-27.849212646484375,-58.81902313232422,178.3,193.0,209.0,0.0,24.6,1676644.4,0.0,239252.0,202397.0,260333.0,41682.0,39684.0,799682.0,0.0,23544.444,1344.5328,1837.5785999999998,2780.2374,21947.068,881.1,23804.472999999998,1637.572,2033.1872,2957.4273000000003,34337.73,1286.7,336.0,384.0,384.0,7.086673583929485,783348.0,118984.18069999998,1.0,592.1304,0.0,16777215.0
14-04-2025 11:16:51,-27.838693618774414,-58.81743240356445,173.4,185.9,212.6,0.0,26.8,0.0,0.0,239281.0,202427.0,260368.0,41682.0,39688.0,799727.0,0.0,23544.444,1366.0798000000002,1837.5785999999998,2807.6378999999997,21877.284,878.7,23804.472999999998,1661.2737,2033.1872,2957.4273000000003,34337.73,1247.85,336.0,400.0,400.0,7.559292527017116,783446.0,118935.44750000001,1.0,581.782,0.0,16777215.0
14-04-2025 11:26:58,-27.82815933227539,-58.81660461425781,172.0,182.3,215.6,0.0,25.7,0.0,0.0,239313.0,202461.0,260407.0,41682.0,39693.0,799726.0,0.0,23483.658000000003,1366.0798000000002,1837.5785999999998,2807.6378999999997,21947.068,873.6,23804.472999999998,1661.2737,2033.1872,2957.4273000000003,34337.73,1136.7,336.0,384.0,400.0,7.214095959801496,783556.0,118838.5439,1.0,592.1304,0.0,16777215.0
14-04-2025 11:37:06,-27.817317962646484,-58.81718063354492,170.6,181.7,209.7,0.0,23.9,0.0,0.0,239342.0,202492.0,260442.0,41682.0,39697.0,799726.0,0.0,23483.658000000003,1344.5328,1860.4234,2835.0383999999995,21737.716,868.65,23804.472999999998,1661.2737,2033.1872,2957.4273000000003,34442.1,1030.5,336.0,384.0,384.0,7.398249968637222,783655.0,118661.5848,1.0,602.605,0.0,16777215.0
14-04-2025 11:47:13,-27.80683708190918,-58.81902313232422,174.4,184.4,213.1,0.0,27.4,1677719.8,0.0,239371.0,202522.0,260478.0,41682.0,39701.0,799726.0,0.0,23422.872000000003,1344.5328,1837.5785999999998,2780.2374,21947.068,863.7,23740.31,1637.572,2033.1872,2957.4273000000003,34243.3,929.7,336.0,400.0,400.0,6.822784075262831,783754.0,118329.6157,1.0,592.1304,0.0,16777215.0
14-04-2025 11:57:20,-27.797164916992188,-58.818668365478516,169.4,180.7,203.0,0.0,27.7,1677704.0,0.0,239400.0,202553.0,260513.0,41682.0,39706.0,800121.0,0.0,23605.23,1344.5328,1816.1616000000001,2780.2374,21667.932,856.2,23929.422000000002,1616.025,2010.3424,2930.0268,34138.93,1250.55,336.0,384.0,384.0,6.327464691974824,783854.0,118548.195,1.0,602.605,0.0,16777215.0
14-04-2025 12:07:26,-27.78804588317871,-58.81862258911133,175.1,183.6,209.9,0.0,26.7,0.0,0.0,239428.0,202584.0,260547.0,41682.0,39710.0,800120.0,0.0,23422.872000000003,1366.0798000000002,1903.2574,2891.6661,21737.716,856.2,23868.636000000002,1616.025,2033.1872,2957.4273000000003,33945.1,1152.15,336.0,400.0,384.0,5.982382494927798,783951.0,118352.92179999997,1.0,602.605,0.0,16777215.0
14-04-2025 12:17:33,-27.780820846557617,-58.82612609863281,169.6,185.9,206.3,0.0,24.4,0.0,0.0,239458.0,202614.0,260582.0,41682.0,39714.0,800120.0,0.0,23544.444,1366.0798000000002,1860.4234,2807.6378999999997,21667.932,851.25,23868.636000000002,1616.025,2033.1872,2957.4273000000003,34138.93,1046.1,336.0,384.0,368.0,6.065375700321592,784050.0,118360.67759999998,1.0,602.605,0.0,16777215.0
14-04-2025 12:27:40,-27.774038314819336,-58.832698822021484,170.3,182.4,212.3,0.0,24.0,4586.0,0.0,239486.0,202644.0,260617.0,41682.0,39718.0,800755.0,0.0,23544.444,1344.5328,1816.1616000000001,2780.2374,21242.2496,1257.6,23804.472999999998,1592.3232999999998,2033.1872,2930.0268,33945.1,1183.2,320.0,384.0,400.0,6.400719554518321,784147.0,118065.66609999999,1.0,592.1304,0.0,16777215.0
14-04-2025 12:37:47,-27.76430892944336,-58.831485748291016,172.8,183.9,212.2,0.0,27.4,0.0,0.0,239514.0,202675.0,260652.0,41682.0,39723.0,800840.0,0.0,23544.444,1344.5328,1794.7446,2780.2374,21312.0336,1252.65,23868.636000000002,1616.025,2033.1872,2957.4273000000003,33746.3,1206.6,336.0,384.0,384.0,6.759505322160042,784246.0,118048.9483,1.0,592.1304,0.0,16777215.0
14-04-2025 12:47:54,-27.75481414794922,-58.82781982421875,169.2,180.6,208.9,0.0,23.7,1677718.7,0.0,239546.0,202708.0,260691.0,41682.0,39728.0,800840.0,0.0,23544.444,1322.9858,1794.7446,2751.0102,21312.0336,1245.3,23804.472999999998,1616.025,2033.1872,2957.4273000000003,33746.3,1090.05,320.0,384.0,400.0,6.60812153915754,784355.0,117810.11109999998,1.0,592.1304,0.0,16777215.0
14-04-2025 12:58:01,-27.747915267944336,-58.81903839111328,174.2,181.8,213.6,0.0,26.7,0.0,0.0,239574.0,202738.0,260726.0,41682.0,39732.0,800840.0,0.0,23544.444,1344.5328,1816.1616000000001,2780.2374,21524.8748,1242.7499999999998,23868.636000000002,1616.025,2033.1872,2957.4273000000003,33453.07,991.8,336.0,384.0,400.0,6.942352799768885,784452.0,117765.27649999999,1.0,592.1304,0.0,16777215.0
14-04-2025 13:08:08,-27.739717483520508,-58.8115234375,175.1,183.9,211.4,0.0,23.4,4602.4,0.0,239603.0,202769.0,260761.0,41682.0,39736.0,801069.0,0.0,23483.658000000003,1344.5328,1816.1616000000001,2780.2374,21312.0336,1237.65,23868.636000000002,1616.025,2056.032,2986.6545,33453.07,1113.3,352.0,400.0,400.0,7.528285374710611,784551.0,117660.12130000001,1.0,592.1304,0.0,16777215.0
14-04-2025 13:18:15,-27.729190826416016,-58.81022262573242,170.8,183.3,208.5,0.0,28.2,1677720.9,0.0,239632.0,202799.0,260796.0,41682.0,39741.0,801235.0,0.0,23483.658000000003,1344.5328,1794.7446,2780.2374,21172.4656,1232.7,23804.472999999998,1637.572,2100.2938,3045.1089,33547.5,1216.8,320.0,400.0,384.0,7.128311578009605,784650.0,117752.2165,1.0,592.1304,0.0,16777215.0
14-04-2025 13:28:22,-27.71871566772461,-58.8125,170.4,179.8,204.0,0.0,26.7,1677721.2,0.0,239661.0,202830.0,260831.0,41682.0,39745.0,801235.0,0.0,23483.658000000003,1344.5328,1794.7446,2780.2374,21172.4656,1225.2,23804.472999999998,1637.572,2033.1872,2986.6545,33453.07,1113.3,336.0,384.0,368.0,7.261680424347645,784749.0,117431.70009999999,1.0,602.605,0.0,16777215.0
14-04-2025 13:38:29,-27.70755386352539,-58.814781188964844,172.7,183.4,213.5,0.0,27.3,4555.7,0.0,239690.0,202861.0,260866.0,41682.0,39749.0,801341.0,0.0,23544.444,1344.5328,1816.1616000000001,2780.2374,21172.4656,1222.8,23868.636000000002,1637.572,2033.1872,2957.4273000000003,33353.67,1097.85,336.0,400.0,400.0,7.687279313107783,784848.0,117431.5889,1.0,602.605,0.0,16777215.0
14-04-2025 13:48:35,-27.696491241455078,-58.820072174072266,174.5,182.0,213.6,0.0,26.9,1677718.9,0.0,239719.0,202891.0,260901.0,41682.0,39754.0,801521.0,0.0,23483.658000000003,1322.9858,1816.1616000000001,2751.0102,20959.6244,1217.7,23868.636000000002,1616.025,2033.1872,2957.4273000000003,33353.67,1214.3999999999999,336.0,384.0,400.0,7.886701576576333,784947.0,117186.61589999998,1.0,592.1304,0.0,16777215.0
14-04-2025 13:58:42,-27.685869216918945,-58.82321548461914,175.8,182.3,212.3,0.0,23.2,0.0,0.0,239747.0,202922.0,260936.0,41682.0,39758.0,801521.0,0.0,23544.444,1322.9858,1794.7446,2751.0102,20959.6244,1215.3,23868.636000000002,1637.572,2056.032,2986.6545,33453.07,1118.55,336.0,384.0,400.0,7.518539749442413,785045.0,117300.7539,1.0,592.1304,0.0,16777215.0
14-04-2025 14:08:49,-27.674970626831055,-58.825435638427734,170.0,184.6,206.7,0.0,27.3,0.0,0.0,239776.0,202952.0,260971.0,41682.0,39762.0,801521.0,0.0,23483.658000000003,1344.5328,1816.1616000000001,2780.2374,21102.681599999996,1210.2,23868.636000000002,1637.572,2033.1872,2957.4273000000003,33154.869999999995,1009.7999999999998,336.0,400.0,384.0,7.531723516728751,785143.0,117001.56889999998,1.0,602.605,0.0,16777215.0
14-04-2025 14:18:57,-27.66499137878418,-58.83087158203125,175.9,184.4,213.1,0.0,23.7,4600.1,0.0,239808.0,202986.0,261010.0,41682.0,39767.0,801675.0,0.0,23483.658000000003,1344.5328,1794.7446,2780.2374,20959.6244,1205.2499999999998,23804.472999999998,1637.572,2033.1872,2986.6545,33154.869999999995,1038.3,352.0,384.0,400.0,7.448883364839684,785253.0,116815.2343,1.0,592.1304,0.0,16777215.0
14-04-2025 14:29:04,-27.65500831604004,-58.83816909790039,172.3,182.9,211.2,0.0,27.5,1677555.7,0.0,239836.0,203016.0,261045.0,41682.0,39771.0,801968.0,0.0,23483.658000000003,1344.5328,1794.7446,2780.2374,20820.0564,1200.3,23868.636000000002,1637.572,2100.2938,3045.1089,33060.44,1276.35,336.0,384.0,400.0,7.8147558592303294,785350.0,116993.71190000002,1.0,581.782,0.0,16777215.0
14-04-2025 14:39:11,-27.647083282470703,-58.84613037109375,173.1,186.4,213.2,0.0,24.0,1677552.5,0.0,239865.0,203047.0,261080.0,41682.0,39775.0,802090.0,0.0,23483.658000000003,1344.5328,1837.5785999999998,2835.0383999999995,20676.9992,1197.9,23804.472999999998,1637.572,2078.8768,3015.8817000000004,33060.44,1286.7,336.0,400.0,400.0,7.177495514691132,785449.0,116851.78089999998,1.0,592.1304,0.0,16777215.0
14-04-2025 14:49:18,-27.640365600585938,-58.85375213623047,173.5,184.1,213.4,0.0,27.1,0.0,0.0,239894.0,203077.0,261115.0,41682.0,39780.0,802096.0,0.0,23544.444,1366.0798000000002,1816.1616000000001,2807.6378999999997,20820.0564,1192.8,23804.472999999998,1616.025,2033.1872,2957.4273000000003,32956.07,1214.3999999999999,336.0,384.0,400.0,6.644987312894451,785548.0,116720.89259999999,1.0,592.1304,0.0,16777215.0
14-04-2025 14:59:24,-27.634334564208984,-58.862884521484375,170.3,180.8,206.0,0.0,23.7,0.0,0.0,239923.0,203108.0,261150.0,41682.0,39784.0,802096.0,0.0,23544.444,1344.5328,1794.7446,2780.2374,20676.9992,1187.85,23804.472999999998,1637.572,2056.032,2986.6545,33154.869999999995,1113.3,320.0,384.0,384.0,6.656587231438311,785647.0,116673.83989999999,1.0,592.1304,0.0,16777215.0
14-04-2025 15:09:31,-27.62752342224121,-58.871490478515625,169.8,180.0,210.9,0.0,27.7,0.0,0.0,239951.0,203138.0,261186.0,41682.0,39788.0,802095.0,0.0,23483.658000000003,1344.5328,1773.3276,2780.2374,20820.0564,1182.9,23804.472999999998,1616.025,2078.8768,3015.8817000000004,32861.64,1007.2500000000001,336.0,384.0,400.0,7.155847992004649,785745.0,116360.98909999999,1.0,592.1304,0.0,16777215.0
14-04-2025 15:19:37,-27.61901092529297,-58.87830352783203,171.3,181.0,213.3,0.0,23.6,4603.5,0.0,239980.0,203169.0,261221.0,41682.0,39792.0,802219.0,0.0,23544.444,1322.9858,1773.3276,2751.0102,20676.9992,1175.4,23804.472999999998,1637.572,2033.1872,2957.4273000000003,32861.64,1012.3499999999999,336.0,400.0,400.0,7.08456740091548,785844.0,116142.9467,1.0,592.1304,0.0,16777215.0
14-04-2025 15:29:45,-27.608959197998047,-58.88069152832031,173.8,181.3,210.6,0.0,27.9,1676552.4,0.0,240009.0,203199.0,261256.0,41682.0,39797.0,802559.0,0.0,23483.658000000003,1322.9858,1750.4828,2751.0102,20537.4312,1172.85,23804.472999999998,1592.3232999999998,2033.1872,2957.4273000000003,32662.84,1286.7,336.0,384.0,400.0,7.412304267750114,785943.0,115937.1508,1.0,581.782,0.0,16777215.0
14-04-2025 15:38:51,-27.599445343017578,-58.88182830810547,171.8,183.3,212.3,0.0,23.1,0.7,0.0,240035.0,203227.0,261288.0,41682.0,39800.0,802544.0,0.0,23483.658000000003,1344.5328,1773.3276,2780.2374,20607.2152,1167.9,23868.636000000002,1616.025,2033.1872,2957.4273000000003,32563.44,1196.1,336.0,384.0,400.0,7.363692998406051,786032.0,115983.8169,1.0,592.1304,0.0,16777215.0
14-04-2025 15:48:59,-27.589492797851562,-58.88505172729492,171.4,182.6,211.9,0.0,27.4,0.0,0.0,240066.0,203260.0,261327.0,41682.0,39805.0,802544.0,0.0,23544.444,1322.9858,1773.3276,2751.0102,20537.4312,1162.95,23929.422000000002,1637.572,2033.1872,2957.4273000000003,32662.84,1079.7,336.0,384.0,400.0,6.662949327305775,786140.0,115984.42769999999,1.0,592.1304,0.0,16777215.0
14-04-2025 15:59:05,-27.579557418823242,-58.888832092285156,171.7,180.5,213.3,0.0,24.1,4.6,0.0,240095.0,203291.0,261362.0,41682.0,39809.0,802544.0,0.0,23544.444,1299.2841,1750.4828,2751.0102,20464.158,1157.85,23929.422000000002,1637.572,2056.032,2986.6545,32762.24,978.75,336.0,384.0,400.0,7.273581423621994,786239.0,115910.03000000001,1.0,592.1304,0.0,16777215.0
14-04-2025 16:09:12,-27.57013511657715,-58.89031982421875,172.4,184.3,212.3,0.0,28.2,1676662.2,0.0,240123.0,203321.0,261397.0,41682.0,39814.0,802922.0,0.0,23422.872000000003,1322.9858,1750.4828,2751.0102,20324.59,1155.45,23804.472999999998,1637.572,2056.032,2986.6545,32469.01,1281.6,336.0,384.0,400.0,6.185654933579671,786337.0,115554.8627,1.0,592.1304,0.0,16777215.0
14-04-2025 16:19:19,-27.560672760009766,-58.88731002807617,171.6,186.5,208.3,0.0,24.1,0.0,0.0,240152.0,203352.0,261433.0,41682.0,39818.0,802916.0,0.0,23483.658000000003,1344.5328,1773.3276,2780.2374,20394.374,1150.5,23804.472999999998,1637.572,2056.032,2986.6545,32469.01,1180.6499999999999,336.0,384.0,384.0,7.131796973670283,786437.0,115653.1517,1.0,592.1304,0.0,16777215.0
14-04-2025 16:29:25,-27.55194091796875,-58.8813362121582,172.1,183.9,212.2,0.0,28.0,0.0,0.0,240181.0,203382.0,261468.0,41682.0,39822.0,802916.0,0.0,23544.444,1344.5328,1773.3276,2751.0102,20464.158,1145.4,23929.422000000002,1637.572,2056.032,2957.4273000000003,32364.64,1074.6,336.0,384.0,384.0,6.611557302817197,786535.0,115634.69630000001,1.0,592.1304,0.0,16777215.0
14-04-2025 16:39:32,-27.542015075683594,-58.87601089477539,175.6,185.5,211.7,0.0,24.1,0.0,0.0,240210.0,203413.0,261503.0,41682.0,39827.0,802916.0,0.0,23422.872000000003,1344.5328,1773.3276,2780.2374,20394.374,1143.0,23868.636000000002,1661.2737,2056.032,2986.6545,32469.01,976.2,336.0,384.0,400.0,7.004461492842408,786635.0,115457.93200000002,1.0,581.782,0.0,16777215.0
14-04-2025 16:49:40,-27.531841278076172,-58.87533950805664,171.3,182.5,208.1,0.0,29.2,4533.6,0.0,240238.0,203443.0,261538.0,41682.0,39831.0,803275.0,0.0,23422.872000000003,1344.5328,1794.7446,2780.2374,20185.022,1137.9,23804.472999999998,1616.025,2033.1872,2957.4273000000003,32165.84,1232.4,336.0,384.0,384.0,6.598678714690236,786732.0,115077.26629999997,1.0,602.605,0.0,16777215.0
14-04-2025 16:59:47,-27.522180557250977,-58.878292083740234,171.4,191.1,211.7,0.0,23.1,0.0,0.0,240267.0,203474.0,261572.0,41682.0,39836.0,803321.0,0.0,23483.658000000003,1322.9858,1773.3276,2751.0102,20041.9648,1130.4,23929.422000000002,1637.572,2033.1872,2957.4273000000003,32165.84,1206.6,320.0,384.0,400.0,6.454313492010723,786831.0,115025.5253,1.0,592.1304,0.0,16777215.0
14-04-2025 17:09:54,-27.514907836914062,-58.88683319091797,172.6,187.4,213.6,0.0,27.2,1676086.9,0.0,240299.0,203507.0,261611.0,41682.0,39840.0,803519.0,0.0,23483.658000000003,1322.9858,1773.3276,2751.0102,19902.3968,1125.45,23804.472999999998,1637.572,2056.032,2986.6545,32364.64,1289.3999999999999,336.0,384.0,400.0,7.094186641493879,786939.0,115079.38190000001,1.0,581.782,0.0,16777215.0
14-04-2025 17:21:02,-27.505523681640625,-58.88882827758789,53.5,31.1,60.8,0.0,23.2,1677660.3,0.0,240321.0,203528.0,261638.0,41682.0,39845.0,803569.0,0.0,23362.086,1344.5328,1794.7446,2807.6378999999997,20041.9648,1125.45,23740.31,1637.572,2056.032,3015.8817000000004,32165.84,1286.7,224.0,224.0,272.0,3.336636790669854,787014.0,114960.5338,1.0,581.782,0.0,16777215.0
14-04-2025 17:31:08,-27.502151489257812,-58.887733459472656,76.6,0.0,68.1,0.0,27.3,4630.7,0.0,240334.0,203528.0,261648.0,41682.0,39849.0,803598.0,0.0,23301.3,1344.5328,1773.3276,2807.6378999999997,20041.9648,1120.5,23679.524000000005,1616.025,2033.1872,2986.6545,32071.41,1284.15,256.0,0.0,256.0,2.3824156275700474,787041.0,114641.99580000002,1.0,581.782,0.0,16777215.0
14-04-2025 17:41:15,-27.49845314025879,-58.8853759765625,75.6,0.0,67.6,0.0,23.9,1676907.7,0.0,240346.0,203528.0,261658.0,41682.0,39853.0,803627.0,0.0,23362.086,1366.0798000000002,1860.4234,2891.6661,19972.180800000002,1115.55,23740.31,1637.572,2056.032,3015.8817000000004,32165.84,1289.3999999999999,256.0,0.0,272.0,2.530647454116813,787067.0,115054.80380000001,1.0,581.782,0.0,16777215.0
14-04-2025 17:51:22,-27.496362686157227,-58.882301330566406,169.7,0.0,203.7,0.0,26.5,0.0,0.0,240359.0,203528.0,261669.0,41682.0,39858.0,803619.0,0.0,23362.086,1344.5328,1794.7446,2807.6378999999997,19902.3968,1113.0,23679.524000000005,1637.572,2033.1872,2986.6545,32165.84,1263.45,320.0,0.0,384.0,1.9570839839068919,787096.0,114661.93320000001,0.0,571.3074,0.0,16777215.0
14-04-2025 18:01:29,-27.493873596191406,-58.87852096557617,168.3,151.0,170.1,0.0,27.4,0.0,0.0,240376.0,203533.0,261690.0,41682.0,39862.0,803619.0,0.0,23362.086,1344.5328,1794.7446,2780.2374,19832.6128,1105.5,23740.31,1637.572,2033.1872,2986.6545,32270.210000000006,1216.8,336.0,368.0,368.0,2.6221180688714147,787143.0,114686.22930000002,1.0,581.782,0.0,16777215.0
14-04-2025 18:11:36,-27.488798141479492,-58.87409973144531,169.1,179.6,206.4,0.0,23.8,0.0,0.0,240397.0,203553.0,261714.0,41682.0,39867.0,803619.0,0.0,23483.658000000003,1366.0798000000002,1816.1616000000001,2807.6378999999997,19902.3968,1103.1000000000001,23868.636000000002,1661.2737,2056.032,2986.6545,32165.84,1147.05,320.0,384.0,384.0,5.067918460574664,787213.0,114935.82770000002,1.0,571.3074,0.0,16777215.0
14-04-2025 18:20:43,-27.482240676879883,-58.869476318359375,177.0,187.4,208.5,0.0,23.7,1676474.4,0.0,240423.0,203580.0,261745.0,41682.0,39870.0,803850.0,0.0,23605.23,1344.5328,1794.7446,2780.2374,19759.339600000003,1098.0,23868.636000000002,1637.572,2033.1872,2957.4273000000003,31972.01,1286.7,336.0,384.0,384.0,5.826722964366709,787300.0,114719.3989,1.0,581.782,0.0,16777215.0
14-04-2025 18:30:50,-27.473573684692383,-58.86336135864258,170.7,181.2,212.3,0.0,27.3,1676591.5,0.0,240451.0,203610.0,261780.0,41682.0,39875.0,803942.0,0.0,23666.016,1344.5328,1816.1616000000001,2780.2374,19832.6128,1093.05,23993.585,1661.2737,2078.8768,3015.8817000000004,31872.61,1286.7,336.0,384.0,384.0,7.06064116568557,787398.0,115033.6682,1.0,592.1304,0.0,16777215.0
14-04-2025 18:40:57,-27.465917587280273,-58.85438537597656,174.1,184.1,213.1,0.0,24.0,557.4,0.0,240482.0,203644.0,261818.0,41682.0,39879.0,804051.0,0.0,23483.658000000003,1322.9858,1794.7446,2780.2374,19759.339600000003,1088.1000000000001,23804.472999999998,1637.572,2033.1872,2986.6545,31773.21,1286.7,336.0,384.0,400.0,7.4331700407579735,787505.0,114332.64409999999,1.0,581.782,0.0,16777215.0
14-04-2025 18:51:04,-27.45929527282715,-58.84391403198242,173.4,182.9,212.6,0.0,27.6,1676387.0,0.0,240511.0,203675.0,261854.0,41682.0,39884.0,804142.0,0.0,23483.658000000003,1344.5328,1816.1616000000001,2807.6378999999997,19759.339600000003,1085.7,23868.636000000002,1661.2737,2056.032,2986.6545,31678.78,1286.7,336.0,400.0,384.0,7.24312491061616,787606.0,114406.41350000002,1.0,571.3074,0.0,16777215.0
14-04-2025 19:01:10,-27.454280853271484,-58.83332443237305,173.1,183.7,210.5,0.0,23.5,0.0,0.0,240539.0,203705.0,261889.0,41682.0,39887.0,804135.0,0.0,23544.444,1344.5328,1816.1616000000001,2807.6378999999997,19689.5556,1080.6000000000001,23804.472999999998,1661.2737,2056.032,2986.6545,31872.61,1196.1,336.0,384.0,384.0,6.837356986382975,787702.0,114441.85710000002,1.0,581.782,0.0,16777215.0
14-04-2025 19:11:17,-27.44827651977539,-58.82461929321289,172.8,182.7,211.2,0.0,28.3,0.0,0.0,240568.0,203736.0,261924.0,41682.0,39892.0,804135.0,0.0,23483.658000000003,1344.5328,1816.1616000000001,2780.2374,19689.5556,1075.6499999999999,23804.472999999998,1684.9754,2100.2938,3072.5094,31773.21,1090.05,336.0,384.0,384.0,6.290233703647622,787802.0,114286.61439999999,1.0,571.3074,0.0,16777215.0
14-04-2025 19:21:25,-27.440879821777344,-58.82148742675781,168.4,180.3,206.9,0.0,23.9,0.0,0.0,240596.0,203766.0,261958.0,41682.0,39896.0,804135.0,0.0,23605.23,1366.0798000000002,1837.5785999999998,2780.2374,19689.5556,1068.1499999999999,23993.585,1661.2737,2033.1872,2957.4273000000003,31773.21,991.8,320.0,384.0,384.0,4.921868268601731,787898.0,114339.0966,1.0,581.782,0.0,16777215.0
14-04-2025 19:31:31,-27.433156967163086,-58.822174072265625,171.1,186.6,210.2,0.0,27.1,4562.6,0.0,240624.0,203796.0,261993.0,41682.0,39901.0,804358.0,0.0,23605.23,1366.0798000000002,1837.5785999999998,2780.2374,19549.9876,1065.6000000000001,23868.636000000002,1661.2737,2033.1872,2957.4273000000003,31678.78,1105.6499999999999,320.0,384.0,384.0,5.278741389922923,787996.0,114091.4496,1.0,581.782,0.0,16777215.0
14-04-2025 19:41:38,-27.424619674682617,-58.822349548339844,161.8,172.5,193.1,0.0,23.7,0.0,0.0,240652.0,203827.0,262028.0,41682.0,39905.0,804529.0,0.0,23483.658000000003,1366.0798000000002,1837.5785999999998,2780.2374,19549.9876,1060.6499999999999,23929.422000000002,1684.9754,2056.032,2986.6545,31479.98,1216.8,320.0,368.0,352.0,5.413701058816978,788094.0,114003.36270000001,1.0,571.3074,0.0,16777215.0
14-04-2025 19:51:45,-27.41731834411621,-58.822078704833984,169.9,181.4,206.7,0.0,27.6,0.0,0.0,240680.0,203857.0,262063.0,41682.0,39909.0,804529.0,0.0,23666.016,1366.0798000000002,1860.4234,2780.2374,19406.930399999997,1055.7,23929.422000000002,1684.9754,2056.032,2986.6545,31678.78,1116.0000000000002,320.0,384.0,384.0,4.662694438459242,788191.0,114158.5583,1.0,571.3074,0.0,16777215.0
14-04-2025 20:01:52,-27.410593032836914,-58.81855010986328,168.0,181.1,209.9,0.0,23.2,0.0,0.0,240709.0,203887.0,262097.0,41682.0,39913.0,804529.0,0.0,23605.23,1366.0798000000002,1837.5785999999998,2780.2374,19549.9876,1050.6000000000001,23929.422000000002,1661.2737,2033.1872,2957.4273000000003,31479.98,1012.3499999999999,336.0,384.0,384.0,5.171085938419715,788288.0,113834.66100000001,1.0,571.3074,0.0,16777215.0
14-04-2025 20:12:00,-27.4046573638916,-58.8117561340332,166.9,178.5,199.9,0.0,27.0,4553.5,0.0,240739.0,203920.0,262136.0,41682.0,39918.0,804673.0,0.0,23605.23,1387.6268000000002,1860.4234,2780.2374,19549.9876,1048.2,23868.636000000002,1684.9754,2033.1872,2957.4273000000003,31380.58,1030.5,320.0,368.0,384.0,5.590684710819103,788395.0,113768.7931,1.0,581.782,0.0,16777215.0
14-04-2025 20:22:06,-27.3981990814209,-58.80387496948242,170.5,182.8,209.3,0.0,23.3,1676584.1,0.0,240767.0,203951.0,262170.0,41682.0,39922.0,804995.0,0.0,23544.444,1409.1738,1860.4234,2780.2374,19337.1464,1043.25,23929.422000000002,1684.9754,2033.1872,2986.6545,31181.78,1286.7,336.0,400.0,400.0,6.860652763100988,788492.0,113648.70150000001,1.0,571.3074,0.0,16777215.0
14-04-2025 20:32:13,-27.39061164855957,-58.7946662902832,170.2,182.6,212.1,0.0,27.2,0.0,0.0,240796.0,203981.0,262206.0,41682.0,39926.0,804999.0,0.0,23483.658000000003,1409.1738,1837.5785999999998,2780.2374,19337.1464,1035.75,23804.472999999998,1661.2737,2033.1872,2957.4273000000003,31181.78,1206.6,336.0,400.0,384.0,7.248757420787685,788591.0,113299.59280000001,1.0,571.3074,0.0,16777215.0
14-04-2025 20:42:20,-27.383499145507812,-58.78532791137695,159.7,172.9,193.2,0.0,23.5,0.0,0.0,240824.0,204012.0,262241.0,41682.0,39930.0,804999.0,0.0,23666.016,1387.6268000000002,1837.5785999999998,2751.0102,19197.578400000002,1028.25,23929.422000000002,1684.9754,2033.1872,2957.4273000000003,31380.58,1105.6499999999999,320.0,368.0,352.0,6.713812681457689,788689.0,113530.6093,1.0,571.3074,0.0,16777215.0
14-04-2025 20:52:27,-27.37870979309082,-58.77665710449219,165.8,189.4,204.8,0.0,27.3,1677710.4,0.0,240852.0,204042.0,262275.0,41682.0,39935.0,804999.0,0.0,23605.23,1387.6268000000002,1837.5785999999998,2751.0102,19267.362399999998,1023.3,23868.636000000002,1684.9754,2033.1872,2957.4273000000003,31281.18,1004.7,320.0,384.0,368.0,5.681552118117088,788786.0,113273.5213,1.0,571.3074,0.0,16777215.0
14-04-2025 21:02:34,-27.37479591369629,-58.76833724975586,170.3,181.1,208.2,0.0,23.9,4595.5,0.0,240880.0,204072.0,262310.0,41682.0,39939.0,805129.0,0.0,23544.444,1387.6268000000002,1837.5785999999998,2751.0102,19197.578400000002,1018.2,23868.636000000002,1684.9754,2033.1872,2957.4273000000003,31181.78,1017.6,336.0,384.0,384.0,6.116668012500037,788883.0,113061.82590000001,1.0,581.782,0.0,16777215.0
14-04-2025 21:12:41,-27.371959686279297,-58.75856018066406,169.2,180.5,210.7,0.0,26.1,1677720.9,0.0,240908.0,204102.0,262345.0,41682.0,39943.0,805393.0,0.0,23666.016,1409.1738,1860.4234,2751.0102,19124.3052,1015.8,23993.585,1684.9754,2033.1872,2957.4273000000003,30982.98,1227.3,320.0,384.0,384.0,6.515676896892194,788980.0,113287.96549999999,1.0,581.782,0.0,16777215.0
14-04-2025 21:22:47,-27.371116638183594,-58.747459411621094,172.6,0.0,210.0,0.0,22.9,0.0,0.0,240937.0,204123.0,262380.0,41682.0,39947.0,805393.0,0.0,23422.872000000003,1387.6268000000002,1837.5785999999998,2751.0102,19197.578400000002,1010.85,23868.636000000002,1684.9754,2033.1872,2957.4273000000003,30888.55,1139.25,320.0,0.0,400.0,5.902653282613688,789069.0,112761.32390000002,1.0,581.782,0.0,16777215.0
14-04-2025 21:31:54,-27.37274742126465,-58.739471435546875,171.5,0.0,213.2,0.0,26.6,1677719.9,0.0,240965.0,204123.0,262415.0,41682.0,39952.0,805611.0,0.0,23422.872000000003,1409.1738,1860.4234,2807.6378999999997,19124.3052,1217.7,23804.472999999998,1661.2737,2033.1872,2957.4273000000003,30789.15,1092.6,320.0,0.0,400.0,5.247476779589355,789137.0,112751.5309,1.0,571.3074,0.0,16777215.0
14-04-2025 21:42:00,-27.374502182006836,-58.73075866699219,171.1,3.2,210.8,0.0,23.6,4593.2,0.0,240994.0,204122.0,262450.0,41682.0,39956.0,805820.0,0.0,23483.658000000003,1409.1738,1837.5785999999998,2780.2374,18914.9532,1212.7499999999998,23804.472999999998,1684.9754,2078.8768,3015.8817000000004,30689.75,1224.6,336.0,0.0,400.0,5.290467043186229,789204.0,112708.21530000001,1.0,571.3074,0.0,16777215.0
14-04-2025 21:52:08,-27.374509811401367,-58.72319793701172,131.6,0.0,99.2,0.0,26.7,0.0,0.0,241017.0,204122.0,262469.0,41682.0,39960.0,805884.0,0.0,23422.872000000003,1430.7207999999998,1860.4234,2807.6378999999997,18984.7372,1210.2,23740.31,1684.9754,2033.1872,2986.6545,30689.75,1271.25,304.0,0.0,304.0,3.7060996111270694,789250.0,112694.0258,1.0,571.3074,0.0,16777215.0
14-04-2025 22:02:15,-27.372602462768555,-58.716739654541016,127.6,0.0,99.0,0.0,23.1,0.0,0.0,241038.0,204122.0,262486.0,41682.0,39964.0,805884.0,0.0,23362.086,1430.7207999999998,1860.4234,2807.6378999999997,18914.9532,1205.2499999999998,23740.31,1661.2737,2033.1872,2986.6545,30789.15,1232.4,304.0,0.0,304.0,4.182642386027967,789292.0,112595.35410000001,1.0,571.3074,0.0,16777215.0
14-04-2025 22:12:21,-27.370235443115234,-58.71000671386719,128.0,0.0,103.8,0.0,26.9,0.0,0.0,241059.0,204121.0,262503.0,41682.0,39968.0,805884.0,0.0,23422.872000000003,1430.7207999999998,1881.8404,2835.0383999999995,18914.9532,1202.85,23740.31,1661.2737,2033.1872,2986.6545,30789.15,1191.0000000000002,288.0,0.0,320.0,4.601677837320687,789333.0,112661.15760000002,1.0,571.3074,0.0,16777215.0
14-04-2025 22:22:28,-27.36872100830078,-58.70308303833008,145.6,0.0,102.6,0.0,22.8,1677187.8,0.0,241081.0,204121.0,262519.0,41682.0,39972.0,806016.0,0.0,23362.086,1409.1738,1860.4234,2835.0383999999995,18771.895999999997,1197.9,23740.31,1661.2737,2033.1872,2986.6545,30590.35,1286.7,304.0,0.0,320.0,4.489914868885416,789375.0,112306.30040000001,1.0,571.3074,0.0,16777215.0
14-04-2025 22:32:35,-27.365102767944336,-58.693138122558594,173.3,184.8,213.7,0.0,26.7,1676448.9,0.0,241109.0,204148.0,262552.0,41682.0,39977.0,806116.0,0.0,23483.658000000003,1409.1738,1860.4234,2807.6378999999997,18632.328,1192.8,23740.31,1661.2737,2033.1872,2957.4273000000003,30689.75,1286.7,336.0,400.0,400.0,6.288294139320082,789468.0,112325.97670000001,1.0,571.3074,0.0,16777215.0
14-04-2025 22:42:42,-27.36424446105957,-58.6827392578125,174.6,181.6,212.6,0.0,22.9,0.0,0.0,241138.0,204179.0,262588.0,41682.0,39981.0,806101.0,0.0,23544.444,1409.1738,1860.4234,2807.6378999999997,18771.895999999997,1187.85,23740.31,1661.2737,2033.1872,2957.4273000000003,30590.35,1185.9,336.0,384.0,384.0,6.829618405232033,789568.0,112321.18070000001,1.0,571.3074,0.0,16777215.0
14-04-2025 22:52:48,-27.362667083740234,-58.67168045043945,174.3,184.1,213.3,0.0,26.6,0.0,0.0,241167.0,204209.0,262623.0,41682.0,39985.0,806101.0,0.0,23605.23,1430.7207999999998,1860.4234,2780.2374,18845.1692,1182.9,23929.422000000002,1661.2737,2033.1872,2930.0268,30391.55,1077.15,336.0,400.0,400.0,5.910189368378183,789666.0,112298.59790000001,1.0,571.3074,0.0,16777215.0
14-04-2025 23:02:57,-27.358531951904297,-58.66254806518555,173.4,183.4,210.4,0.0,22.6,0.0,0.0,241199.0,204243.0,262662.0,41682.0,39989.0,806101.0,0.0,23483.658000000003,1409.1738,1860.4234,2807.6378999999997,18845.1692,1177.8,23804.472999999998,1661.2737,2033.1872,2986.6545,30590.35,970.95,336.0,400.0,400.0,6.548417301155363,789775.0,112202.05810000002,1.0,571.3074,0.0,16777215.0
14-04-2025 23:13:04,-27.35110092163086,-58.653900146484375,171.2,177.1,198.0,0.0,27.2,4543.5,0.0,241228.0,204274.0,262697.0,41682.0,39994.0,806512.0,0.0,23605.23,1409.1738,1860.4234,2780.2374,18562.544,1172.85,23868.636000000002,1637.572,2010.3424,2930.0268,30192.75,1276.35,320.0,368.0,368.0,7.526561404310231,789875.0,111887.91780000001,1.0,581.782,0.0,16777215.0
14-04-2025 23:27:13,-27.335268020629883,-58.65460968017578,174.2,185.1,212.5,0.0,27.0,1677718.7,0.0,241268.0,204316.0,262746.0,41682.0,40000.0,806496.0,0.0,23544.444,1387.6268000000002,1837.5785999999998,2780.2374,18562.544,1167.9,23868.636000000002,1661.2737,2033.1872,2957.4273000000003,30391.55,1149.6,336.0,384.0,400.0,8.298435932953202,790012.0,111923.78700000003,1.0,581.782,0.0,16777215.0
14-04-2025 23:39:21,-27.324377059936523,-58.649925231933594,174.9,190.7,204.0,0.0,22.9,0.0,0.0,241303.0,204353.0,262788.0,41682.0,40005.0,806493.0,0.0,23544.444,1387.6268000000002,1837.5785999999998,2780.2374,18702.112,1160.4,23804.472999999998,1661.2737,2033.1872,2957.4273000000003,30297.12,1022.85,336.0,384.0,384.0,7.05497803068995,790131.0,111760.0374,1.0,571.3074,0.0,16777215.0
14-04-2025 23:49:28,-27.319046020507812,-58.64058303833008,172.6,185.7,212.7,0.0,27.3,4672.8,0.0,241332.0,204384.0,262823.0,41682.0,40009.0,806507.0,0.0,23483.658000000003,1409.1738,1837.5785999999998,2780.2374,18771.895999999997,1155.45,23740.31,1661.2737,2010.3424,2957.4273000000003,29998.92,924.45,336.0,400.0,400.0,6.4889136851855405,790230.0,111312.49919999999,1.0,581.782,0.0,16777215.0
14-04-2025 23:59:35,-27.313312530517578,-58.6312255859375,173.1,183.5,208.0,0.0,23.6,0.0,0.0,241361.0,204414.0,262858.0,41682.0,40013.0,806888.0,0.0,23544.444,1409.1738,1837.5785999999998,2751.0102,18492.76,1150.5,23929.422000000002,1684.9754,2124.5664,3045.1089,29899.52,1242.7499999999998,336.0,384.0,400.0,6.291058868765684,790328.0,111693.59130000001,1.0,581.782,0.0,16777215.0
15-04-2025 00:09:42,-27.307584762573242,-58.623233795166016,171.1,180.1,204.7,0.0,26.9,0.0,0.0,241389.0,204445.0,262886.0,41682.0,40017.0,806888.0,0.0,23544.444,1409.1738,1860.4234,2780.2374,18562.544,1147.95,23804.472999999998,1661.2737,2033.1872,2957.4273000000003,29899.52,1152.15,336.0,384.0,384.0,5.273576303834868,790419.0,111394.5858,1.0,581.782,0.0,16777215.0
15-04-2025 00:19:49,-27.300477981567383,-58.61590576171875,169.0,178.3,209.4,0.0,24.5,4692.6,0.0,241418.0,204475.0,262919.0,41682.0,40022.0,806927.0,0.0,23483.658000000003,1430.7207999999998,1837.5785999999998,2807.6378999999997,18562.544,1147.95,23804.472999999998,1684.9754,2056.032,2986.6545,29998.92,1058.9999999999998,336.0,368.0,384.0,7.461598900544779,790516.0,111431.4516,1.0,571.3074,0.0,16777215.0
15-04-2025 00:29:57,-27.29304313659668,-58.60939407348633,171.1,179.6,199.5,0.0,23.7,3.1,0.0,241449.0,204509.0,262957.0,41682.0,40026.0,807305.0,0.0,23422.872000000003,1409.1738,1837.5785999999998,2780.2374,18279.9188,1267.65,23740.31,1661.2737,2033.1872,2957.4273000000003,29899.52,1250.55,336.0,384.0,368.0,6.121990884535625,790623.0,111121.48080000002,1.0,581.782,0.0,16777215.0
15-04-2025 00:40:03,-27.282432556152344,-58.605709075927734,174.1,183.4,213.0,0.0,23.6,1677718.7,0.0,241478.0,204539.0,262992.0,41682.0,40030.0,807303.0,0.0,23483.658000000003,1409.1738,1837.5785999999998,2780.2374,18279.9188,1262.7,23804.472999999998,1684.9754,2033.1872,2986.6545,29899.52,1154.85,336.0,400.0,384.0,6.387893302330162,790721.0,111198.70870000002,1.0,581.782,0.0,16777215.0
15-04-2025 00:50:11,-27.275907516479492,-58.59968185424805,177.7,183.8,208.1,0.0,27.7,1677719.6,0.0,241507.0,204570.0,263027.0,41682.0,40034.0,807303.0,0.0,23483.658000000003,1430.7207999999998,1860.4234,2807.6378999999997,18492.76,1260.15,23804.472999999998,1684.9754,2056.032,2986.6545,29700.72,1051.2,336.0,384.0,384.0,5.592367322123965,790820.0,111201.18700000002,1.0,581.782,0.0,16777215.0
15-04-2025 01:00:18,-27.268720626831055,-58.59672927856445,175.7,184.0,208.7,0.0,23.6,0.0,0.0,241536.0,204601.0,263061.0,41682.0,40038.0,807303.0,0.0,23605.23,1452.2678,1860.4234,2807.6378999999997,18492.76,1257.6,23868.636000000002,1684.9754,2033.1872,2957.4273000000003,29601.32,950.4,336.0,384.0,384.0,4.820487901983027,790918.0,111153.647,1.0,581.782,0.0,16777215.0
15-04-2025 01:10:24,-27.261192321777344,-58.59691619873047,171.4,182.8,209.4,0.0,23.8,1677333.7,0.0,241565.0,204631.0,263096.0,41682.0,40042.0,807703.0,0.0,23544.444,1452.2678,1860.4234,2807.6378999999997,18206.6456,1252.65,23804.472999999998,1661.2737,2033.1872,2957.4273000000003,29407.49,1273.8,320.0,384.0,384.0,5.204256073238818,791016.0,110843.50190000002,1.0,581.782,0.0,16777215.0
15-04-2025 01:20:31,-27.25290870666504,-58.59668731689453,174.5,181.9,205.5,0.0,24.4,0.0,0.0,241593.0,204662.0,263131.0,41682.0,40046.0,807702.0,0.0,23605.23,1430.7207999999998,1837.5785999999998,2780.2374,18136.8616,1247.7,23804.472999999998,1684.9754,2056.032,2986.6545,29601.32,1175.55,336.0,384.0,384.0,5.2418848008154,791114.0,110929.11530000002,1.0,581.782,0.0,16777215.0
15-04-2025 01:30:38,-27.246131896972656,-58.59493637084961,173.4,181.9,209.2,0.0,28.1,1334.7,0.0,241622.0,204692.0,263165.0,41682.0,40051.0,807920.0,0.0,23544.444,1430.7207999999998,1794.7446,2780.2374,18136.8616,1242.7499999999998,23804.472999999998,1661.2737,2033.1872,2957.4273000000003,29407.49,1286.7,336.0,384.0,384.0,5.152796680995107,791212.0,110662.0916,1.0,581.782,0.0,16777215.0
15-04-2025 01:40:46,-27.23993682861328,-58.59178161621094,173.3,183.2,209.0,0.0,24.5,1676496.6,0.0,241651.0,204723.0,263200.0,41682.0,40055.0,808014.0,0.0,23605.23,1452.2678,1860.4234,2807.6378999999997,18136.8616,1240.2,23740.31,1661.2737,2033.1872,2957.4273000000003,29208.69,1284.15,336.0,400.0,384.0,4.244378335617205,791311.0,110558.9663,1.0,571.3074,0.0,16777215.0
15-04-2025 01:50:53,-27.23440933227539,-58.589317321777344,173.0,183.7,212.1,0.0,23.3,0.0,0.0,241679.0,204753.0,263238.0,41682.0,40059.0,808025.0,0.0,23605.23,1452.2678,1881.8404,2807.6378999999997,18206.6456,1235.2499999999998,23804.472999999998,1684.9754,2056.032,2957.4273000000003,29208.69,1203.9,336.0,384.0,400.0,3.962702980985985,791411.0,110686.1514,1.0,581.782,0.0,16777215.0
15-04-2025 01:59:59,-27.2283992767334,-58.589141845703125,173.7,184.9,211.5,0.0,24.1,1676515.8,0.0,241708.0,204784.0,263269.0,41682.0,40063.0,808178.0,0.0,23544.444,1452.2678,1860.4234,2807.6378999999997,18067.0776,1230.3,23804.472999999998,1661.2737,2033.1872,2957.4273000000003,29009.89,1266.0000000000002,336.0,400.0,400.0,4.573588810858245,791506.0,110276.1839,1.0,581.782,0.0,16777215.0
15-04-2025 02:10:06,-27.221513748168945,-58.59213638305664,173.0,185.1,206.7,0.0,27.2,0.0,0.0,241737.0,204815.0,263304.0,41682.0,40067.0,808169.0,0.0,23544.444,1475.9695,1881.8404,2807.6378999999997,17997.293599999997,1227.7499999999998,23804.472999999998,1661.2737,2010.3424,2957.4273000000003,29109.29,1165.2,336.0,384.0,384.0,4.5733476263641855,791605.0,110214.24919999999,1.0,571.3074,0.0,16777215.0
15-04-2025 02:20:13,-27.216516494750977,-58.597110748291016,173.7,183.6,212.0,0.0,23.2,0.0,0.0,241766.0,204845.0,263338.0,41682.0,40071.0,808169.0,0.0,23544.444,1475.9695,1903.2574,2864.2656,17997.293599999997,1222.8,23804.472999999998,1684.9754,2033.1872,2986.6545,29208.69,1061.55,336.0,400.0,400.0,4.643953898249405,791702.0,110358.86760000001,1.0,571.3074,0.0,16777215.0
15-04-2025 02:30:20,-27.2127742767334,-58.60352325439453,170.9,181.0,208.2,0.0,22.8,4680.1,0.0,241795.0,204876.0,263373.0,41682.0,40075.0,808177.0,0.0,23666.016,1475.9695,1924.6744,2864.2656,17927.5096,1220.2499999999998,23868.636000000002,1684.9754,2033.1872,2957.4273000000003,29303.12,963.3,336.0,400.0,384.0,4.644694354695268,791801.0,110460.6384,1.0,571.3074,0.0,16777215.0
15-04-2025 02:40:26,-27.208599090576172,-58.61033248901367,172.0,183.1,208.0,0.0,23.7,0.0,0.0,241824.0,204907.0,263408.0,41682.0,40079.0,808517.0,0.0,23666.016,1452.2678,1860.4234,2780.2374,17641.3952,1212.7499999999998,23868.636000000002,1684.9754,2056.032,2957.4273000000003,29208.69,1237.5,320.0,384.0,400.0,5.4539303378091954,791900.0,110197.6579,1.0,571.3074,0.0,16777215.0
15-04-2025 02:50:34,-27.20478630065918,-58.617774963378906,165.3,175.4,196.5,0.0,23.9,0.0,0.0,241852.0,204937.0,263442.0,41682.0,40083.0,808517.0,0.0,23605.23,1475.9695,1860.4234,2780.2374,17857.7256,1210.2,23868.636000000002,1661.2737,2033.1872,2930.0268,28910.49,1136.7,320.0,384.0,368.0,4.7618480804871,791996.0,109901.40700000002,1.0,571.3074,0.0,16777215.0
15-04-2025 03:00:41,-27.202964782714844,-58.625953674316406,169.6,181.1,202.9,0.0,23.3,1677710.4,0.0,241881.0,204967.0,263476.0,41682.0,40087.0,808727.0,0.0,23605.23,1430.7207999999998,1816.1616000000001,2751.0102,17571.6112,1202.85,23929.422000000002,1684.9754,2033.1872,2957.4273000000003,28910.49,1258.35,320.0,384.0,384.0,4.944399276180266,792093.0,109733.21770000001,1.0,581.782,0.0,16777215.0
15-04-2025 03:10:48,-27.201589584350586,-58.6341438293457,173.4,184.1,209.6,0.0,23.1,1677718.8,0.0,241909.0,204997.0,263510.0,41682.0,40091.0,808726.0,0.0,23544.444,1452.2678,1903.2574,2864.2656,17784.4524,1200.3,23868.636000000002,1684.9754,2033.1872,2957.4273000000003,28711.69,1162.5,336.0,400.0,400.0,4.734640850249936,792189.0,109749.1851,1.0,581.782,0.0,16777215.0
15-04-2025 03:20:55,-27.19947624206543,-58.6436767578125,163.9,175.7,207.1,0.0,22.9,0.0,0.0,241941.0,205031.0,263549.0,41682.0,40095.0,808726.0,0.0,23422.872000000003,1452.2678,1837.5785999999998,2780.2374,17784.4524,1195.35,23868.636000000002,1684.9754,2033.1872,2986.6545,28816.06,1046.1,320.0,384.0,384.0,5.584262925809448,792298.0,109469.07790000002,1.0,560.7066,0.0,16777215.0
15-04-2025 03:31:02,-27.196239471435547,-58.65225601196289,175.3,181.6,209.9,0.0,23.1,0.0,0.0,241969.0,205061.0,263583.0,41682.0,40099.0,808725.0,0.0,23544.444,1475.9695,1860.4234,2807.6378999999997,17857.7256,1195.35,23868.636000000002,1684.9754,2033.1872,2986.6545,28711.69,947.7,352.0,384.0,400.0,5.837559166047463,792394.0,109556.17550000001,1.0,581.782,0.0,16777215.0
15-04-2025 03:41:08,-27.191375732421875,-58.658695220947266,173.6,182.9,207.2,0.0,23.5,0.0,0.0,241998.0,205092.0,263618.0,41682.0,40103.0,809121.0,0.0,23605.23,1452.2678,1860.4234,2780.2374,17571.6112,1187.85,23929.422000000002,1684.9754,2056.032,2986.6545,28617.26,1268.7,336.0,384.0,384.0,4.994004656932276,792493.0,109571.97110000001,1.0,571.3074,0.0,16777215.0
15-04-2025 03:51:15,-27.185260772705078,-58.662757873535156,170.8,180.1,205.7,0.0,23.7,1677719.1,0.0,242027.0,205122.0,263653.0,41682.0,40107.0,809121.0,0.0,23605.23,1452.2678,1837.5785999999998,2780.2374,17641.3952,1185.3,23868.636000000002,1684.9754,2056.032,2986.6545,28617.26,1172.85,336.0,384.0,384.0,5.084522540423372,792591.0,109459.72430000002,1.0,571.3074,0.0,16777215.0
15-04-2025 04:01:22,-27.17793083190918,-58.66298294067383,172.2,182.0,209.8,0.0,27.5,0.0,0.0,242056.0,205152.0,263688.0,41682.0,40111.0,809120.0,0.0,23605.23,1475.9695,1881.8404,2835.0383999999995,17714.668400000002,1180.35,23868.636000000002,1661.2737,2033.1872,2957.4273000000003,28512.89,1064.1,336.0,384.0,384.0,4.430253549466258,792689.0,109361.91830000002,1.0,571.3074,0.0,16777215.0
15-04-2025 04:14:32,-27.169282913208008,-58.66193389892578,169.5,180.5,202.5,0.0,24.0,4617.7,0.0,242093.0,205192.0,263733.0,41682.0,40117.0,809150.0,0.0,23666.016,1430.7207999999998,1837.5785999999998,2780.2374,17571.6112,1172.85,23868.636000000002,1661.2737,2033.1872,2957.4273000000003,28617.26,942.6,320.0,384.0,384.0,3.838694502168498,792817.0,109110.7056,1.0,571.3074,0.0,16777215.0
15-04-2025 04:27:40,-27.161182403564453,-58.66162872314453,172.7,180.0,206.7,0.0,24.6,0.0,0.0,242130.0,205231.0,263778.0,41682.0,40122.0,809486.0,0.0,23605.23,1452.2678,1860.4234,2780.2374,17501.8272,1167.9,23929.422000000002,1684.9754,2100.2938,3045.1089,28319.06,1198.8,336.0,384.0,384.0,4.836197409589559,792943.0,109216.85330000002,1.0,571.3074,0.0,16777215.0
15-04-2025 04:39:48,-27.151397705078125,-58.66053771972656,172.7,183.4,207.3,0.0,22.8,0.0,0.0,242164.0,205268.0,263819.0,41682.0,40126.0,809485.0,0.0,23544.444,1452.2678,1837.5785999999998,2780.2374,17432.0432,1162.95,23804.472999999998,1684.9754,2100.2938,3045.1089,28319.06,1074.6,336.0,384.0,400.0,6.049586812305966,793059.0,108809.33950000002,1.0,571.3074,0.0,16777215.0
15-04-2025 04:51:57,-27.140338897705078,-58.65751647949219,176.3,184.1,209.2,0.0,24.7,0.0,0.0,242201.0,205308.0,263865.0,41682.0,40132.0,809485.0,0.0,23544.444,1475.9695,1860.4234,2807.6378999999997,17571.6112,1160.4,23868.636000000002,1684.9754,2078.8768,3015.8817000000004,28219.66,942.6,352.0,384.0,384.0,6.08814037249691,793188.0,108802.42330000001,1.0,571.3074,0.0,16777215.0
15-04-2025 05:04:06,-27.131593704223633,-58.65476989746094,175.2,180.9,212.5,0.0,24.8,4602.4,0.0,242236.0,205345.0,263907.0,41682.0,40137.0,809943.0,0.0,23544.444,1475.9695,1860.4234,2780.2374,17222.691199999997,1152.9,23868.636000000002,1684.9754,2056.032,2986.6545,28120.26,1286.7,336.0,384.0,400.0,4.464466199557605,793307.0,108611.2308,1.0,571.3074,0.0,16777215.0
15-04-2025 05:17:15,-27.125139236450195,-58.649681091308594,173.7,182.6,209.2,0.0,23.3,1677716.2,0.0,242273.0,205384.0,263952.0,41682.0,40142.0,810020.0,0.0,23544.444,1452.2678,1816.1616000000001,2751.0102,17152.9072,1145.4,23868.636000000002,1684.9754,2033.1872,2957.4273000000003,27921.46,1263.45,336.0,400.0,400.0,4.232989270918979,793433.0,108162.6341,1.0,571.3074,0.0,16777215.0
15-04-2025 05:30:23,-27.119354248046875,-58.64217758178711,173.7,185.4,209.2,0.0,24.0,4622.3,0.0,242308.0,205421.0,263994.0,41682.0,40148.0,810055.0,0.0,23544.444,1475.9695,1860.4234,2780.2374,17152.9072,1143.0,23868.636000000002,1684.9754,2033.1872,2986.6545,28020.86,1154.85,336.0,400.0,384.0,5.109879880683641,793553.0,108287.92660000002,1.0,581.782,0.0,16777215.0
15-04-2025 05:41:31,-27.114105224609375,-58.63172149658203,168.6,184.5,207.8,0.0,24.5,2083.1,0.0,242342.0,205458.0,264036.0,41682.0,40152.0,810293.0,0.0,23544.444,1452.2678,1837.5785999999998,2751.0102,16936.5768,1132.95,23868.636000000002,1684.9754,2033.1872,2986.6545,27921.46,1286.7,336.0,384.0,384.0,6.297975684878528,793670.0,108007.74789999999,1.0,571.3074,0.0,16777215.0
15-04-2025 05:55:41,-27.111278533935547,-58.619056701660156,170.9,180.9,211.2,0.0,23.6,1.3,0.0,242382.0,205500.0,264084.0,41682.0,40158.0,810274.0,0.0,23605.23,1475.9695,1837.5785999999998,2751.0102,16936.5768,1130.4,23804.472999999998,1661.2737,2033.1872,2957.4273000000003,28020.86,1154.85,336.0,384.0,400.0,5.200152571388704,793806.0,107940.1437,1.0,571.3074,0.0,16777215.0
15-04-2025 06:09:50,-27.11273765563965,-58.614158630371094,0.0,0.0,130.0,0.0,27.6,1677704.5,0.0,242396.0,205522.0,264109.0,41682.0,40164.0,810462.0,0.0,23301.3,1475.9695,1860.4234,2807.6378999999997,17222.691199999997,1125.45,23679.524000000005,1661.2737,2010.3424,2986.6545,27429.43,1284.15,0.0,0.0,336.0,0.016110279258732603,793873.0,107416.154,0.0,571.3074,0.0,16777215.0
15-04-2025 06:19:58,-27.112424850463867,-58.61228942871094,0.0,50.7,99.5,0.0,26.5,1677720.6,0.0,242395.0,205531.0,264128.0,41682.0,40169.0,810479.0,0.0,23422.872000000003,1497.5165,1860.4234,2835.0383999999995,17292.4752,1123.05,23679.524000000005,1661.2737,2033.1872,2986.6545,27528.83,1271.25,0.0,272.0,320.0,1.3148396247673202,793905.0,107752.80150000003,0.0,560.7066,0.0,16777215.0
15-04-2025 06:30:05,-27.1120548248291,-58.61017990112305,0.0,55.3,103.5,0.0,24.5,1677501.5,0.0,242395.0,205539.0,264145.0,41682.0,40174.0,810518.0,0.0,23362.086,1475.9695,1860.4234,2807.6378999999997,17292.4752,1115.55,23740.31,1661.2737,2033.1872,2986.6545,27330.03,1286.7,0.0,256.0,320.0,1.2685758015252817,793935.0,107523.60480000002,0.0,571.3074,0.0,16777215.0
15-04-2025 06:39:11,-27.1116943359375,-58.609188079833984,62.8,0.0,63.6,0.0,24.1,1676385.6,0.0,242399.0,205543.0,264154.0,41682.0,40177.0,810545.0,0.0,23301.3,1497.5165,1860.4234,2807.6378999999997,17222.691199999997,1113.0,23679.524000000005,1684.9754,2033.1872,2986.6545,27429.43,1289.3999999999999,240.0,0.0,272.0,0.0,793955.0,107477.0475,0.0,571.3074,0.0,16777215.0
15-04-2025 06:49:18,-27.11128807067871,-58.608036041259766,170.7,180.7,209.1,0.0,24.4,4586.0,0.0,242416.0,205553.0,264172.0,41682.0,40181.0,810598.0,0.0,23483.658000000003,1387.6268000000002,1860.4234,2780.2374,17152.9072,1108.05,23740.31,1661.2737,2010.3424,2957.4273000000003,27230.63,1281.6,336.0,384.0,384.0,2.369799617960024,794004.0,107225.79360000002,1.0,571.3074,0.0,16777215.0
15-04-2025 06:59:25,-27.10896110534668,-58.59990310668945,173.3,183.6,208.7,0.0,25.7,4535.8,0.0,242444.0,205583.0,264207.0,41682.0,40185.0,810698.0,0.0,23544.444,1387.6268000000002,1860.4234,2780.2374,17079.634000000002,1100.55,23929.422000000002,1684.9754,2033.1872,2957.4273000000003,27230.63,1284.15,336.0,384.0,400.0,4.9416558112387685,794101.0,107454.48950000001,1.0,581.782,0.0,16777215.0
15-04-2025 07:09:31,-27.107595443725586,-58.591949462890625,175.1,182.5,214.3,0.0,24.1,1676500.4,0.0,242473.0,205614.0,264243.0,41682.0,40189.0,810786.0,0.0,23483.658000000003,1387.6268000000002,1860.4234,2780.2374,17079.634000000002,1098.0,23740.31,1684.9754,2010.3424,2957.4273000000003,27330.03,1286.7,336.0,384.0,400.0,4.997173853983202,794201.0,107270.6721,1.0,571.3074,0.0,16777215.0
15-04-2025 07:19:38,-27.10660743713379,-58.5833625793457,175.1,182.1,207.4,0.0,23.5,1676488.1,0.0,242502.0,205644.0,264278.0,41682.0,40193.0,810876.0,0.0,23483.658000000003,1409.1738,1881.8404,2807.6378999999997,17079.634000000002,1093.05,23740.31,1684.9754,2033.1872,2986.6545,27230.63,1286.7,336.0,384.0,400.0,5.583867855189978,794299.0,107288.75860000002,1.0,571.3074,0.0,16777215.0
15-04-2025 07:29:45,-27.1082763671875,-58.57463455200195,170.9,183.8,211.1,0.0,23.5,1676497.2,0.0,242531.0,205674.0,264313.0,41682.0,40197.0,810974.0,0.0,23544.444,1387.6268000000002,1860.4234,2780.2374,17079.634000000002,1090.5,23868.636000000002,1706.5223999999998,2056.032,2986.6545,27136.2,1286.7,336.0,384.0,400.0,5.608702946223155,794397.0,107354.91790000001,1.0,571.3074,0.0,16777215.0
15-04-2025 07:39:52,-27.111583709716797,-58.56636428833008,166.1,182.5,205.0,0.0,28.5,1676329.6,0.0,242560.0,205705.0,264348.0,41682.0,40202.0,811074.0,0.0,23483.658000000003,1387.6268000000002,1860.4234,2807.6378999999997,17079.634000000002,1085.7,23804.472999999998,1706.5223999999998,2056.032,3015.8817000000004,27036.8,1289.3999999999999,336.0,384.0,368.0,5.831231223075082,794497.0,107185.0966,1.0,571.3074,0.0,16777215.0
15-04-2025 07:50:00,-27.112585067749023,-58.55695343017578,179.8,183.5,206.9,0.0,24.0,3462.2,0.0,242591.0,205738.0,264385.0,41682.0,40206.0,811165.0,0.0,22321.97,1430.7207999999998,1903.2574,2780.2374,17641.3952,1085.7,23740.31,1684.9754,2010.3424,2957.4273000000003,26246.57,1281.6,352.0,400.0,384.0,5.519834000514068,794602.0,105655.8133,1.0,571.3074,0.0,16777215.0
15-04-2025 08:00:07,-27.104778289794922,-58.55451202392578,171.8,182.7,214.5,0.0,24.1,1676100.0,0.0,242620.0,205768.0,264419.0,41682.0,40210.0,811267.0,0.0,23483.658000000003,1387.6268000000002,1860.4234,2780.2374,17152.9072,1075.6499999999999,23804.472999999998,1684.9754,2033.1872,2957.4273000000003,26639.2,1289.3999999999999,336.0,384.0,400.0,4.787898002437735,794699.0,106730.9477,1.0,581.782,0.0,16777215.0
15-04-2025 08:10:14,-27.096818923950195,-58.55664825439453,173.0,181.6,212.2,0.0,27.6,1676479.3,0.0,242649.0,205798.0,264454.0,41682.0,40214.0,811360.0,0.0,23483.658000000003,1387.6268000000002,1903.2574,2835.0383999999995,17079.634000000002,1070.7,23868.636000000002,1684.9754,2033.1872,2957.4273000000003,26639.2,1286.7,352.0,384.0,400.0,5.20305903324402,794797.0,106801.3479,1.0,571.3074,0.0,16777215.0
15-04-2025 08:20:21,-27.088735580444336,-58.55808639526367,172.7,179.6,215.0,0.0,23.7,642.2,0.0,242677.0,205828.0,264489.0,41682.0,40219.0,811455.0,0.0,23483.658000000003,1409.1738,1794.7446,2807.6378999999997,17152.9072,1068.1499999999999,23740.31,1684.9754,2033.1872,2986.6545,26539.8,1289.3999999999999,336.0,384.0,400.0,5.242751205525423,794895.0,106561.90600000002,1.0,571.3074,0.0,16777215.0
